{
  "name": "bootstrap-calendar",
  "main": [
    "./js/calendar.js",
    "./css/calendar.css"
  ],
  "ignore": [
    "**/.*",
    "node_modules",
    "components"
  ],
  "dependencies": {
    "jquery": "~1.11.3 || ~2.1.4",
    "bootstrap": "~2.3.1 || ~3.3.5",
    "underscore": "~1.8.3",
    "moment": "2.x"
  },
  "homepage": "https://github.com/Serhioromano/bootstrap-calendar",
  "version": "0.2.5",
  "_release": "0.2.5",
  "_resolution": {
    "type": "version",
    "tag": "0.2.5",
    "commit": "214479008e985f3234907643d5096122ddcb68e7"
  },
  "_source": "https://github.com/Serhioromano/bootstrap-calendar.git",
  "_target": "^0.2.5",
  "_originalSource": "bootstrap-calendar"
}